request_id,user,endpoint,time
0,admin,Square,1660072283.9255683
1,admin,Square,1660072285.8330352
2,arua,Square,1660072291.5073998
3,arua,Square,1660072292.4390464
4,arua,Square,1660072293.3826034
